{"stats":{"minecraft:used":{"minecraft:item_frame":4,"minecraft:ink_sac":2329,"minecraft:daylight_detector":1,"minecraft:written_book":2,"minecraft:light_gray_concrete":3,"minecraft:white_banner":7,"minecraft:grass_block":10,"minecraft:black_banner":7,"minecraft:oak_sign":274,"minecraft:smooth_stone_slab":2,"minecraft:gray_banner":2,"minecraft:spruce_planks":15,"minecraft:stone_pressure_plate":1,"minecraft:oak_pressure_plate":6,"minecraft:gray_stained_glass":9,"minecraft:stone_bricks":4},"minecraft:custom":{"minecraft:time_since_rest":605646,"minecraft:open_chest":37,"minecraft:crouch_one_cm":13395,"minecraft:sprint_one_cm":109132,"minecraft:play_time":605646,"minecraft:walk_one_cm":349355,"minecraft:sneak_time":25711,"minecraft:walk_under_water_one_cm":4667,"minecraft:jump":535,"minecraft:leave_game":13,"minecraft:walk_on_water_one_cm":8050,"minecraft:time_since_death":605646,"minecraft:climb_one_cm":4273,"minecraft:total_world_time":914624,"minecraft:fly_one_cm":12086767},"minecraft:picked_up":{"minecraft:white_banner":2,"minecraft:oak_sign":2,"minecraft:gray_banner":2,"minecraft:oak_pressure_plate":6,"minecraft:black_banner":2,"minecraft:stone_pressure_plate":1}},"DataVersion":3955}