{"stats":{"minecraft:used":{"minecraft:ink_sac":469},"minecraft:custom":{"minecraft:jump":6,"minecraft:open_chest":1,"minecraft:time_since_rest":36232,"minecraft:crouch_one_cm":161,"minecraft:leave_game":2,"minecraft:play_time":36232,"minecraft:sprint_one_cm":746,"minecraft:time_since_death":36232,"minecraft:walk_on_water_one_cm":1289,"minecraft:walk_one_cm":2893,"minecraft:sneak_time":1562,"minecraft:total_world_time":52995,"minecraft:climb_one_cm":39,"minecraft:walk_under_water_one_cm":1119,"minecraft:fly_one_cm":1107381,"minecraft:aviate_one_cm":1493}},"DataVersion":3955}